Datetime,Water Level (m)
2025-12-11 18:00:00,-0.09805308
2025-12-11 19:00:00,-0.24546885
2025-12-11 20:00:00,-0.37538466
2025-12-11 21:00:00,-0.45264098
2025-12-11 22:00:00,-0.36028776
2025-12-11 23:00:00,-0.2020979
2025-12-12 00:00:00,-0.004559146
2025-12-12 01:00:00,0.2565438
2025-12-12 02:00:00,0.44190636
2025-12-12 03:00:00,0.48666096
2025-12-12 04:00:00,0.39431915
2025-12-12 05:00:00,0.20545997
2025-12-12 06:00:00,-0.0011427397
2025-12-12 07:00:00,-0.17921579
2025-12-12 08:00:00,-0.34003162
2025-12-12 09:00:00,-0.50472033
2025-12-12 10:00:00,-0.61793226
2025-12-12 11:00:00,-0.54859465
2025-12-12 12:00:00,-0.3040557
2025-12-12 13:00:00,-0.07018889
2025-12-12 14:00:00,0.19454797
2025-12-12 15:00:00,0.39381158
2025-12-12 16:00:00,0.44956312
2025-12-12 17:00:00,0.39883286
2025-12-12 18:00:00,0.23268853
2025-12-12 19:00:00,0.035814323
2025-12-12 20:00:00,-0.12999992
2025-12-12 21:00:00,-0.2662333
2025-12-12 22:00:00,-0.39606893
2025-12-12 23:00:00,-0.39931136
2025-12-13 00:00:00,-0.23261784
2025-12-13 01:00:00,-0.07114969
2025-12-13 02:00:00,0.1343827
2025-12-13 03:00:00,0.3123162
2025-12-13 04:00:00,0.3341118
2025-12-13 05:00:00,0.2870587
2025-12-13 06:00:00,0.15289928
2025-12-13 07:00:00,-0.024091162
2025-12-13 08:00:00,-0.1995019
2025-12-13 09:00:00,-0.35438156
2025-12-13 10:00:00,-0.5013379
2025-12-13 11:00:00,-0.60615075
2025-12-13 12:00:00,-0.5363124
2025-12-13 13:00:00,-0.29119375
2025-12-13 14:00:00,-0.05525451
2025-12-13 15:00:00,0.20784861
2025-12-13 16:00:00,0.4144051
2025-12-13 17:00:00,0.46955055
2025-12-13 18:00:00,0.42527625
2025-12-13 19:00:00,0.26307094
2025-12-13 20:00:00,0.0695614
2025-12-13 21:00:00,-0.093307815
2025-12-13 22:00:00,-0.23502725
2025-12-13 23:00:00,-0.3746327
2025-12-14 00:00:00,-0.43993425
2025-12-14 01:00:00,-0.34651342
2025-12-14 02:00:00,-0.19280042
2025-12-14 03:00:00,-0.0031663142
2025-12-14 04:00:00,0.1976701
2025-12-14 05:00:00,0.25078326
2025-12-14 06:00:00,0.21511154
2025-12-14 07:00:00,0.104147196
2025-12-14 08:00:00,-0.05652142
2025-12-14 09:00:00,-0.22384004
2025-12-14 10:00:00,-0.3795839
2025-12-14 11:00:00,-0.5148917
2025-12-14 12:00:00,-0.5948468
2025-12-14 13:00:00,-0.45704034
2025-12-14 14:00:00,-0.2435605
2025-12-14 15:00:00,-0.013832226
2025-12-14 16:00:00,0.2637453
2025-12-14 17:00:00,0.45162672
2025-12-14 18:00:00,0.53286535
2025-12-14 19:00:00,0.4931635
2025-12-14 20:00:00,0.32366657
2025-12-14 21:00:00,0.116252705
2025-12-14 22:00:00,-0.06282843
2025-12-14 23:00:00,-0.21523558
2025-12-15 00:00:00,-0.3686933
2025-12-15 01:00:00,-0.463401
2025-12-15 02:00:00,-0.40352395
2025-12-15 03:00:00,-0.23183201
2025-12-15 04:00:00,-0.050647143
2025-12-15 05:00:00,0.14974397
2025-12-15 06:00:00,0.2221215
2025-12-15 07:00:00,0.17778197
2025-12-15 08:00:00,0.078752294
2025-12-15 09:00:00,-0.07473504
2025-12-15 10:00:00,-0.23720217
2025-12-15 11:00:00,-0.39483964
2025-12-15 12:00:00,-0.5262454
2025-12-15 13:00:00,-0.58532435
2025-12-15 14:00:00,-0.401425
2025-12-15 15:00:00,-0.19986042
2025-12-15 16:00:00,0.04224962
2025-12-15 17:00:00,0.3366001
2025-12-15 18:00:00,0.5190469
2025-12-15 19:00:00,0.59783745
2025-12-15 20:00:00,0.5231888
2025-12-15 21:00:00,0.33013564
2025-12-15 22:00:00,0.111006916
2025-12-15 23:00:00,-0.07077169
2025-12-16 00:00:00,-0.22807808
2025-12-16 01:00:00,-0.3922943
2025-12-16 02:00:00,-0.48994556
2025-12-16 03:00:00,-0.40895587
2025-12-16 04:00:00,-0.22459805
2025-12-16 05:00:00,-0.032492895
2025-12-16 06:00:00,0.17281978
2025-12-16 07:00:00,0.23131241
2025-12-16 08:00:00,0.16766573
2025-12-16 09:00:00,0.05735637
2025-12-16 10:00:00,-0.105769336
2025-12-16 11:00:00,-0.26503566
2025-12-16 12:00:00,-0.4213989
2025-12-16 13:00:00,-0.549481
2025-12-16 14:00:00,-0.5678405
2025-12-16 15:00:00,-0.33884457
2025-12-16 16:00:00,-0.12877023
2025-12-16 17:00:00,0.1282887
2025-12-16 18:00:00,0.44039428
2025-12-16 19:00:00,0.5908488
2025-12-16 20:00:00,0.6473028
2025-12-16 21:00:00,0.5117144
2025-12-16 22:00:00,0.28975907
2025-12-16 23:00:00,0.064955525
2025-12-17 00:00:00,-0.114115745
2025-12-17 01:00:00,-0.27670926
2025-12-17 02:00:00,-0.44526353
2025-12-17 03:00:00,-0.53465885
2025-12-17 04:00:00,-0.39851803
2025-12-17 05:00:00,-0.19073565
2025-12-17 06:00:00,0.007910408
2025-12-17 07:00:00,0.21150142
2025-12-17 08:00:00,0.2161997
2025-12-17 09:00:00,0.12757608
2025-12-17 10:00:00,0.004472184
2025-12-17 11:00:00,-0.16307135
2025-12-17 12:00:00,-0.32561943
2025-12-17 13:00:00,-0.48154157
2025-12-17 14:00:00,-0.6000442
2025-12-17 15:00:00,-0.53396434
2025-12-17 16:00:00,-0.2815508
2025-12-17 17:00:00,-0.03065466
2025-12-17 18:00:00,0.2552871
